step,loss,mean_score,median_score,std_score,max_score,min_score
1000,-1.0,1.2,0.5,1.47,4.0,0.0
2000,-1.0,0.9,0.5,1.04,3.0,0.0
3000,-1.0,1.4,1.0,1.2,4.0,0.0
4000,-1.0,1.2,0.5,1.33,3.0,0.0
5000,-1.0,1.5,1.5,1.28,4.0,0.0
6000,-1.0,0.6,0.0,1.2,4.0,0.0
7000,-1.0,1.9,1.5,1.58,5.0,0.0
8000,-1.0,0.9,0.0,1.58,5.0,0.0
9000,-1.0,0.8,0.5,0.98,3.0,0.0
10000,-1.0,1.7,1.0,1.85,5.0,0.0
11000,-1.0,0.9,0.0,1.37,4.0,0.0
12000,-1.0,0.6,0.0,0.8,2.0,0.0
13000,-1.0,0.9,0.0,1.51,5.0,0.0
14000,-1.0,0.6,0.0,1.2,3.0,0.0
15000,-1.0,1.0,0.0,1.34,4.0,0.0
16000,-1.0,1.0,0.0,1.55,5.0,0.0
17000,-1.0,0.8,0.0,1.25,4.0,0.0
18000,-1.0,0.9,0.0,1.37,4.0,0.0
19000,-1.0,1.2,0.0,1.54,4.0,0.0
20000,-1.0,0.8,0.0,1.4,4.0,0.0
21000,-1.0,0.7,0.0,1.0,3.0,0.0
22000,-1.0,1.9,2.0,1.45,4.0,0.0
23000,-1.0,1.3,0.5,1.49,4.0,0.0
24000,-1.0,0.7,0.0,1.42,4.0,0.0
25000,-1.0,1.3,1.0,0.9,3.0,0.0
26000,-1.0,0.1,0.0,0.3,1.0,0.0
27000,-1.0,1.0,0.0,1.55,4.0,0.0
28000,-1.0,0.7,0.5,0.9,3.0,0.0
29000,-1.0,0.5,0.0,0.67,2.0,0.0
30000,-1.0,1.2,1.0,1.33,4.0,0.0
31000,-1.0,0.8,0.0,1.17,3.0,0.0
32000,-1.0,0.4,0.0,0.8,2.0,0.0
33000,-1.0,0.6,0.0,1.2,4.0,0.0
34000,-1.0,0.5,0.0,0.92,3.0,0.0
35000,-1.0,1.4,0.5,1.62,4.0,0.0
36000,-1.0,0.9,0.0,1.37,4.0,0.0
37000,-1.0,1.1,0.0,1.76,5.0,0.0
38000,-1.0,1.7,1.0,1.85,5.0,0.0
39000,-1.0,1.1,0.5,1.3,3.0,0.0
40000,-1.0,1.3,1.0,1.49,4.0,0.0
41000,-1.0,0.7,0.0,1.0,3.0,0.0
42000,-1.0,0.5,0.0,0.67,2.0,0.0
43000,-1.0,1.6,1.5,1.5,5.0,0.0
44000,-1.0,0.6,0.0,1.2,4.0,0.0
45000,-1.0,2.0,2.0,1.61,4.0,0.0
46000,-1.0,1.6,1.0,1.85,5.0,0.0
47000,-1.0,0.5,0.0,0.67,2.0,0.0
48000,-1.0,1.4,0.5,1.8,5.0,0.0
49000,-1.0,0.6,0.0,1.02,3.0,0.0
50000,-1.0,1.1,0.0,1.58,5.0,0.0
51000,-1.0,1.1,0.0,1.76,5.0,0.0
52000,-1.0,1.0,0.0,1.79,5.0,0.0
53000,-1.0,0.7,0.0,1.49,5.0,0.0
54000,-1.0,1.0,0.0,1.79,6.0,0.0
55000,-1.0,1.4,0.5,1.69,5.0,0.0
56000,-1.0,0.3,0.0,0.46,1.0,0.0
57000,-1.0,2.0,1.0,2.68,9.0,0.0
58000,-1.0,0.8,0.0,1.08,3.0,0.0
59000,-1.0,1.9,1.5,1.64,4.0,0.0
60000,-1.0,0.9,0.0,1.45,4.0,0.0
61000,-1.0,1.7,1.5,1.49,4.0,0.0
62000,-1.0,1.2,1.0,1.25,4.0,0.0
63000,-1.0,1.1,1.0,1.04,3.0,0.0
64000,-1.0,0.9,0.5,1.04,3.0,0.0
65000,-1.0,1.5,1.0,1.57,4.0,0.0
66000,-1.0,0.7,0.5,0.78,2.0,0.0
67000,-1.0,2.1,2.0,1.51,4.0,0.0
68000,-1.0,2.3,2.5,2.41,8.0,0.0
69000,-1.0,0.6,0.0,1.2,4.0,0.0
70000,-1.0,0.9,0.5,1.22,4.0,0.0
71000,-1.0,1.2,1.0,1.08,3.0,0.0
72000,-1.0,0.5,0.0,1.2,4.0,0.0
73000,-1.0,1.6,2.0,1.2,3.0,0.0
74000,-1.0,0.1,0.0,0.3,1.0,0.0
75000,-1.0,1.3,1.0,1.27,3.0,0.0
76000,-1.0,0.7,0.0,1.49,5.0,0.0
77000,-1.0,1.6,1.5,1.36,4.0,0.0
78000,-1.0,1.6,1.5,1.56,4.0,0.0
79000,-1.0,0.4,0.0,0.8,2.0,0.0
80000,-1.0,1.0,0.0,1.41,4.0,0.0
81000,3.79,2.2,2.5,1.94,5.0,0.0
82000,3.86,1.4,1.0,1.02,3.0,0.0
83000,3.72,1.8,2.0,1.89,6.0,0.0
84000,3.75,2.2,1.5,2.32,6.0,0.0
85000,3.68,1.8,1.0,1.72,5.0,0.0
86000,3.8,2.1,2.0,1.7,5.0,0.0
87000,3.78,0.4,0.0,0.49,1.0,0.0
88000,3.81,1.9,1.0,2.3,6.0,0.0
89000,3.77,2.9,2.5,1.04,5.0,2.0
90000,3.8,1.2,0.5,1.54,4.0,0.0
91000,3.84,0.9,0.5,1.14,3.0,0.0
92000,3.85,2.1,2.5,1.87,5.0,0.0
93000,3.85,1.7,2.0,1.27,4.0,0.0
94000,3.87,1.5,2.0,1.02,3.0,0.0
95000,3.96,1.3,1.0,1.35,4.0,0.0
96000,3.97,1.5,1.5,1.43,5.0,0.0
97000,3.88,0.3,0.0,0.64,2.0,0.0
98000,3.88,0.5,0.0,0.67,2.0,0.0
99000,3.9,1.4,0.0,1.85,5.0,0.0
100000,3.89,1.8,2.0,1.66,4.0,0.0
101000,3.89,1.8,2.0,1.4,5.0,0.0
102000,3.92,1.3,1.0,1.35,4.0,0.0
103000,3.88,1.7,1.5,1.73,5.0,0.0
104000,3.88,1.8,2.0,1.83,5.0,0.0
105000,3.9,1.9,2.0,0.94,3.0,0.0
106000,3.89,2.1,2.0,1.97,5.0,0.0
107000,3.77,1.9,1.5,1.87,5.0,0.0
108000,3.93,1.9,2.0,1.76,5.0,0.0
109000,3.89,2.4,3.0,1.91,5.0,0.0
110000,3.89,2.5,3.0,1.2,4.0,0.0
111000,3.89,1.6,2.0,1.02,3.0,0.0
112000,3.9,1.5,1.0,1.36,4.0,0.0
113000,3.88,2.1,2.0,1.64,5.0,0.0
114000,3.89,1.7,1.5,1.19,3.0,0.0
115000,3.88,2.4,1.5,2.01,5.0,0.0
116000,3.88,1.6,2.0,1.43,4.0,0.0
117000,3.88,2.2,2.0,1.72,5.0,0.0
118000,3.89,1.9,2.0,1.51,5.0,0.0
119000,3.89,0.5,0.0,0.81,2.0,0.0
120000,3.88,2.1,2.0,1.3,4.0,0.0
121000,3.88,2.9,3.0,1.14,5.0,1.0
122000,3.89,1.5,2.0,1.02,3.0,0.0
123000,3.88,2.1,2.0,1.97,6.0,0.0
124000,3.89,2.7,2.5,1.79,6.0,0.0
125000,3.88,1.0,0.0,1.26,3.0,0.0
126000,3.89,2.0,2.0,1.9,5.0,0.0
127000,3.88,1.8,2.0,1.25,3.0,0.0
128000,3.88,2.4,2.0,1.56,5.0,0.0
129000,3.89,2.1,2.0,1.64,5.0,0.0
130000,3.89,1.2,0.0,1.66,5.0,0.0
131000,3.87,2.4,2.5,1.62,5.0,0.0
132000,3.88,1.2,1.0,1.33,4.0,0.0
133000,3.88,2.0,1.0,2.24,6.0,0.0
134000,3.89,1.5,1.0,1.43,4.0,0.0
135000,3.88,1.5,0.0,2.38,7.0,0.0
136000,3.88,1.6,0.5,2.01,6.0,0.0
137000,3.89,3.1,3.0,2.07,6.0,0.0
138000,3.88,2.3,2.0,1.42,4.0,0.0
139000,3.88,2.5,2.0,0.67,4.0,2.0
140000,3.88,1.9,2.0,0.7,3.0,0.0
141000,3.88,1.5,1.5,1.5,4.0,0.0
142000,3.87,1.9,2.0,1.45,4.0,0.0
143000,3.87,1.7,2.0,0.9,3.0,0.0
144000,3.87,1.0,0.0,1.34,4.0,0.0
145000,3.87,2.9,4.0,1.7,5.0,0.0
146000,3.87,2.4,2.5,1.5,5.0,0.0
147000,3.88,1.2,0.0,1.54,4.0,0.0
148000,3.88,1.8,2.0,0.98,3.0,0.0
149000,3.87,1.1,0.0,1.45,4.0,0.0
150000,3.88,2.4,2.0,0.66,4.0,2.0
151000,3.86,1.6,2.0,1.56,5.0,0.0
152000,3.87,1.8,2.0,0.98,3.0,0.0
153000,3.85,1.5,0.0,2.06,6.0,0.0
154000,3.87,2.0,2.0,0.0,2.0,2.0
155000,3.86,1.6,1.0,1.96,6.0,0.0
156000,3.87,1.9,2.0,1.37,4.0,0.0
157000,3.86,1.4,0.0,1.8,4.0,0.0
158000,3.87,2.4,2.5,1.5,5.0,0.0
159000,3.86,2.2,2.0,0.87,3.0,0.0
160000,3.87,2.8,3.0,1.25,5.0,0.0
161000,3.85,1.4,2.0,1.02,3.0,0.0
162000,3.85,2.3,2.0,2.28,6.0,0.0
163000,3.86,1.7,2.0,1.42,5.0,0.0
164000,3.86,1.4,0.0,2.01,6.0,0.0
165000,3.87,3.7,4.0,1.73,6.0,0.0
166000,3.87,1.9,2.0,1.04,3.0,0.0
167000,3.87,1.5,2.0,1.36,4.0,0.0
168000,3.85,2.0,2.0,1.1,3.0,0.0
169000,3.87,1.8,2.0,1.72,5.0,0.0
170000,3.86,2.1,2.0,1.22,4.0,0.0
171000,3.85,2.0,2.0,1.61,5.0,0.0
172000,3.84,1.8,2.0,0.98,3.0,0.0
173000,3.85,2.1,1.0,2.47,6.0,0.0
174000,3.86,1.9,2.0,0.7,3.0,0.0
175000,3.84,2.3,2.0,0.64,4.0,2.0
176000,3.86,2.1,2.0,1.45,5.0,0.0
177000,3.85,1.4,0.0,1.74,4.0,0.0
178000,3.85,2.4,2.0,1.56,5.0,0.0
179000,3.84,2.0,2.0,1.84,5.0,0.0
180000,3.84,2.0,2.0,0.89,4.0,0.0
181000,3.85,1.5,2.0,1.36,4.0,0.0
182000,3.84,1.7,2.0,1.79,6.0,0.0
183000,3.84,2.3,2.5,1.42,5.0,0.0
184000,3.84,1.8,1.0,2.04,5.0,0.0
185000,3.85,3.3,4.0,1.85,5.0,0.0
186000,3.84,0.8,0.0,0.98,2.0,0.0
187000,3.85,1.2,1.0,1.25,3.0,0.0
188000,3.84,2.4,2.5,1.02,4.0,0.0
189000,3.84,1.6,2.0,1.2,4.0,0.0
190000,3.84,2.5,2.5,0.5,3.0,2.0
191000,3.83,1.4,0.0,1.85,5.0,0.0
192000,3.84,2.1,2.0,1.92,5.0,0.0
193000,3.84,0.7,0.0,1.1,3.0,0.0
194000,3.84,1.5,2.0,1.28,3.0,0.0
195000,3.83,1.0,0.0,1.34,4.0,0.0
196000,3.84,2.1,2.0,1.37,5.0,0.0
197000,3.84,2.3,2.0,1.1,4.0,0.0
198000,3.84,1.8,2.0,1.89,6.0,0.0
199000,3.83,1.5,1.0,1.69,5.0,0.0
200000,3.84,2.1,2.0,1.64,5.0,0.0
201000,3.84,2.1,2.0,0.83,3.0,0.0
202000,3.82,1.5,1.0,1.63,4.0,0.0
203000,3.83,0.2,0.0,0.6,2.0,0.0
204000,3.83,2.0,0.0,2.68,6.0,0.0
205000,3.82,3.0,2.5,2.45,6.0,0.0
206000,3.83,1.9,2.0,1.04,3.0,0.0
207000,3.82,2.6,3.0,0.49,3.0,2.0
208000,3.84,2.6,3.5,1.85,5.0,0.0
209000,3.82,2.5,3.0,1.5,5.0,0.0
210000,3.83,1.7,2.0,1.49,4.0,0.0
211000,3.81,1.6,2.0,1.11,3.0,0.0
212000,3.82,1.4,0.0,1.96,5.0,0.0
213000,3.82,2.9,2.5,1.51,5.0,0.0
214000,3.82,2.1,2.0,1.22,4.0,0.0
215000,3.82,2.1,1.5,2.17,5.0,0.0
216000,3.82,2.1,2.0,1.37,5.0,0.0
217000,3.82,3.0,3.5,2.68,6.0,0.0
218000,3.82,1.3,0.0,1.79,5.0,0.0
219000,3.81,1.3,1.0,1.42,4.0,0.0
220000,3.83,2.4,2.0,0.49,3.0,2.0
221000,3.81,1.4,0.0,1.85,5.0,0.0
222000,3.82,0.9,0.0,1.14,3.0,0.0
223000,3.81,2.5,2.5,0.5,3.0,2.0
224000,3.81,1.8,2.0,0.98,3.0,0.0
225000,3.81,2.3,2.0,2.19,6.0,0.0
226000,3.81,1.7,1.0,1.9,5.0,0.0
227000,3.81,1.4,2.0,1.28,4.0,0.0
228000,3.82,1.3,2.0,1.1,3.0,0.0
229000,3.8,2.3,2.0,1.95,6.0,0.0
230000,3.81,0.8,0.0,1.66,5.0,0.0
231000,3.8,3.3,4.0,2.37,6.0,0.0
232000,3.81,1.0,0.0,1.26,3.0,0.0
233000,3.81,2.2,2.0,0.4,3.0,2.0
234000,3.81,1.1,0.0,1.45,4.0,0.0
235000,3.81,2.1,2.5,1.92,5.0,0.0
236000,3.81,2.2,2.0,0.4,3.0,2.0
237000,3.81,2.0,2.5,1.73,4.0,0.0
238000,3.81,2.2,2.0,1.4,5.0,0.0
239000,3.81,1.1,0.0,1.45,4.0,0.0
240000,3.8,2.3,3.0,1.95,5.0,0.0
241000,3.8,1.8,2.0,1.33,4.0,0.0
242000,3.8,1.1,1.0,1.14,3.0,0.0
243000,3.8,0.4,0.0,0.8,2.0,0.0
244000,3.8,0.0,0.0,0.0,0.0,0.0
245000,3.8,0.2,0.0,0.6,2.0,0.0
246000,3.8,2.7,2.5,0.78,4.0,2.0
247000,3.78,0.1,0.0,0.3,1.0,0.0
248000,3.79,1.8,2.0,1.72,5.0,0.0
249000,3.68,1.7,2.0,1.27,4.0,0.0
250000,3.8,1.8,2.0,0.6,2.0,0.0
251000,3.79,1.2,0.0,1.6,4.0,0.0
252000,3.79,0.0,0.0,0.0,0.0,0.0
253000,3.8,0.0,0.0,0.0,0.0,0.0
254000,3.8,2.4,2.0,1.2,5.0,0.0
255000,3.8,0.0,0.0,0.0,0.0,0.0
256000,3.8,0.0,0.0,0.0,0.0,0.0
257000,3.79,0.0,0.0,0.0,0.0,0.0
258000,3.79,2.0,2.0,1.48,4.0,0.0
259000,3.79,1.1,0.0,1.45,4.0,0.0
260000,3.79,2.4,2.0,0.8,4.0,2.0
261000,3.78,1.5,1.0,1.57,4.0,0.0
262000,3.78,1.3,0.0,1.68,4.0,0.0
263000,3.78,0.0,0.0,0.0,0.0,0.0
264000,3.78,2.8,2.0,1.08,5.0,2.0
265000,3.79,0.2,0.0,0.6,2.0,0.0
266000,3.79,2.3,2.0,0.64,4.0,2.0
267000,3.79,2.5,2.0,1.69,5.0,0.0
268000,3.78,2.3,2.0,1.1,4.0,0.0
269000,3.78,1.6,0.0,2.2,6.0,0.0
270000,3.78,2.0,2.0,1.18,4.0,0.0
271000,3.77,1.9,1.0,2.07,5.0,0.0
272000,3.78,0.8,0.0,1.33,4.0,0.0
273000,3.77,1.2,2.0,0.98,2.0,0.0
274000,3.66,2.3,2.0,0.64,4.0,2.0
275000,3.77,1.9,2.0,0.7,3.0,0.0
276000,3.78,2.0,2.0,0.0,2.0,2.0
277000,3.78,0.9,0.5,0.94,2.0,0.0
278000,3.78,1.6,1.0,1.74,4.0,0.0
279000,3.77,0.0,0.0,0.0,0.0,0.0
280000,3.77,2.0,1.0,2.24,6.0,0.0
281000,3.77,1.7,2.0,1.62,5.0,0.0
282000,3.77,2.1,2.0,1.76,5.0,0.0
283000,3.78,2.8,3.0,0.6,4.0,2.0
284000,3.77,2.2,2.0,0.98,4.0,0.0
285000,3.77,2.3,2.0,0.9,5.0,2.0
286000,3.77,2.1,2.0,0.94,4.0,0.0
287000,3.77,0.0,0.0,0.0,0.0,0.0
288000,3.76,0.2,0.0,0.6,2.0,0.0
289000,3.77,2.7,3.0,2.05,6.0,0.0
290000,3.77,1.6,0.0,2.2,6.0,0.0
291000,3.75,0.3,0.0,0.9,3.0,0.0
292000,3.77,2.0,2.0,1.18,4.0,0.0
293000,3.75,0.6,0.0,0.92,2.0,0.0
294000,3.76,0.0,0.0,0.0,0.0,0.0
295000,3.76,1.4,0.0,2.2,6.0,0.0
296000,3.75,2.1,2.0,1.81,6.0,0.0
297000,3.76,1.9,2.0,0.7,3.0,0.0
298000,3.76,1.5,2.0,1.36,4.0,0.0
299000,3.77,2.2,2.0,2.14,6.0,0.0
300000,3.77,2.1,2.0,0.3,3.0,2.0
301000,3.75,1.8,2.0,1.33,4.0,0.0
302000,3.75,1.9,2.0,0.7,3.0,0.0
303000,3.74,2.1,3.0,1.81,5.0,0.0
304000,3.74,1.9,1.0,2.21,6.0,0.0
305000,3.74,2.0,2.0,0.77,3.0,0.0
306000,3.76,1.7,1.0,2.0,6.0,0.0
307000,3.76,1.7,2.0,0.9,3.0,0.0
308000,3.75,2.6,2.5,1.69,5.0,0.0
309000,3.75,0.0,0.0,0.0,0.0,0.0
310000,3.74,2.3,2.0,2.15,5.0,0.0
311000,3.74,2.7,3.0,1.62,5.0,0.0
312000,3.75,1.6,1.0,1.8,5.0,0.0
313000,3.75,0.0,0.0,0.0,0.0,0.0
314000,3.75,0.2,0.0,0.6,2.0,0.0
315000,3.74,0.2,0.0,0.6,2.0,0.0
316000,3.74,1.5,1.0,1.69,5.0,0.0
317000,3.74,2.2,2.0,0.98,4.0,0.0
318000,3.74,1.7,2.0,0.9,3.0,0.0
319000,3.74,0.3,0.0,0.9,3.0,0.0
320000,3.75,1.3,1.0,1.35,3.0,0.0
321000,3.73,0.0,0.0,0.0,0.0,0.0
322000,3.74,0.0,0.0,0.0,0.0,0.0
323000,3.73,0.0,0.0,0.0,0.0,0.0
324000,3.74,2.7,2.5,0.78,4.0,2.0
325000,3.74,3.0,3.5,1.9,6.0,0.0
326000,3.73,1.5,1.0,1.69,5.0,0.0
327000,3.61,0.0,0.0,0.0,0.0,0.0
328000,3.72,1.8,2.0,1.66,5.0,0.0
329000,3.73,1.7,2.0,0.9,3.0,0.0
330000,3.73,2.0,2.0,1.61,5.0,0.0
331000,3.72,2.6,2.0,0.8,4.0,2.0
332000,3.73,1.2,1.0,1.33,4.0,0.0
333000,3.73,1.9,2.0,0.7,3.0,0.0
334000,3.71,0.0,0.0,0.0,0.0,0.0
335000,3.73,0.8,0.0,0.98,2.0,0.0
336000,3.73,0.0,0.0,0.0,0.0,0.0
337000,3.74,2.3,3.0,1.68,5.0,0.0
338000,3.74,0.0,0.0,0.0,0.0,0.0
339000,3.72,2.6,2.5,0.66,4.0,2.0
340000,3.73,1.1,1.0,1.14,3.0,0.0
341000,3.72,1.5,1.0,1.69,5.0,0.0
342000,3.72,1.8,2.0,1.33,4.0,0.0
343000,3.72,2.0,1.0,2.37,6.0,0.0
344000,3.73,2.0,2.0,0.89,4.0,0.0
345000,3.73,1.8,2.0,0.98,3.0,0.0
346000,3.71,2.7,3.0,0.64,4.0,2.0
347000,3.72,1.6,2.0,1.11,3.0,0.0
348000,3.72,1.0,1.0,1.0,2.0,0.0
349000,3.73,0.0,0.0,0.0,0.0,0.0
350000,3.72,0.0,0.0,0.0,0.0,0.0
351000,3.72,2.5,3.0,2.2,5.0,0.0
352000,3.71,0.0,0.0,0.0,0.0,0.0
353000,3.7,1.8,2.0,0.98,3.0,0.0
354000,3.72,1.6,1.0,1.74,4.0,0.0
355000,3.71,1.3,2.0,1.1,3.0,0.0
356000,3.7,0.6,0.0,0.92,2.0,0.0
357000,3.72,2.0,2.0,0.77,3.0,0.0
358000,3.71,0.9,0.0,1.14,3.0,0.0
359000,3.72,0.0,0.0,0.0,0.0,0.0
360000,3.72,1.5,1.0,1.86,6.0,0.0
361000,3.71,0.0,0.0,0.0,0.0,0.0
362000,3.7,0.0,0.0,0.0,0.0,0.0
363000,3.71,1.0,1.0,1.0,2.0,0.0
364000,3.72,2.1,2.0,0.83,3.0,0.0
365000,3.7,2.3,2.0,1.49,5.0,0.0
366000,3.71,0.0,0.0,0.0,0.0,0.0
367000,3.72,1.0,1.0,1.0,2.0,0.0
368000,3.71,1.8,2.0,1.72,5.0,0.0
369000,3.71,2.1,2.0,0.94,4.0,0.0
370000,3.71,1.1,0.0,1.92,6.0,0.0
371000,3.71,1.6,0.0,2.2,6.0,0.0
372000,3.7,0.4,0.0,0.8,2.0,0.0
373000,3.69,0.4,0.0,0.8,2.0,0.0
374000,3.69,2.5,2.5,2.29,6.0,0.0
375000,3.7,0.9,0.0,1.14,3.0,0.0
376000,3.7,0.8,0.0,1.08,3.0,0.0
377000,3.71,2.0,2.0,1.18,4.0,0.0
378000,3.7,1.0,0.0,1.34,4.0,0.0
379000,3.71,1.2,0.0,1.89,5.0,0.0
380000,3.7,1.0,0.0,1.61,4.0,0.0
381000,3.68,0.0,0.0,0.0,0.0,0.0
382000,3.69,1.6,2.0,1.11,3.0,0.0
383000,3.68,0.0,0.0,0.0,0.0,0.0
384000,3.68,1.7,2.0,0.64,2.0,0.0
385000,3.69,2.0,2.0,0.89,4.0,0.0
386000,3.68,1.2,2.0,0.98,2.0,0.0
387000,3.69,1.7,2.0,0.9,3.0,0.0
388000,3.68,0.0,0.0,0.0,0.0,0.0
389000,3.7,1.6,2.0,0.8,2.0,0.0
390000,3.69,2.6,2.0,0.92,5.0,2.0
391000,3.68,2.4,2.0,0.66,4.0,2.0
392000,3.68,2.3,2.0,1.1,4.0,0.0
393000,3.69,0.0,0.0,0.0,0.0,0.0
394000,3.68,0.0,0.0,0.0,0.0,0.0
395000,3.69,1.1,0.0,1.37,3.0,0.0
396000,3.68,2.1,2.0,0.3,3.0,2.0
397000,3.67,1.5,0.0,1.91,5.0,0.0
398000,3.67,2.1,2.0,1.64,5.0,0.0
399000,3.68,2.6,2.5,1.69,5.0,0.0
400000,3.57,2.0,2.0,1.61,5.0,0.0
401000,3.67,0.0,0.0,0.0,0.0,0.0
402000,3.68,2.6,2.0,1.5,5.0,0.0
403000,3.67,2.0,2.0,0.89,4.0,0.0
404000,3.67,0.0,0.0,0.0,0.0,0.0
405000,3.66,1.4,2.0,1.28,4.0,0.0
406000,3.67,0.0,0.0,0.0,0.0,0.0
407000,3.69,0.4,0.0,0.8,2.0,0.0
408000,3.68,0.0,0.0,0.0,0.0,0.0
409000,3.68,1.5,1.0,1.63,4.0,0.0
410000,3.68,1.9,2.0,0.7,3.0,0.0
411000,3.67,1.9,2.0,1.51,5.0,0.0
412000,3.67,2.2,2.0,1.33,4.0,0.0
413000,3.67,1.9,2.0,0.7,3.0,0.0
414000,3.66,2.5,2.0,2.38,6.0,0.0
415000,3.67,2.3,2.0,1.0,4.0,0.0
416000,3.67,0.8,0.0,1.25,3.0,0.0
417000,3.68,2.1,2.0,0.3,3.0,2.0
418000,3.66,1.4,0.0,2.15,5.0,0.0
419000,3.67,2.0,2.0,1.48,4.0,0.0
420000,3.56,0.0,0.0,0.0,0.0,0.0
421000,3.66,2.0,2.0,1.48,4.0,0.0
422000,3.67,1.1,0.0,1.81,5.0,0.0
423000,3.67,1.9,2.0,1.14,4.0,0.0
424000,3.67,0.0,0.0,0.0,0.0,0.0
425000,3.66,2.2,2.0,0.87,3.0,0.0
426000,3.66,0.0,0.0,0.0,0.0,0.0
427000,3.67,0.8,0.0,1.25,3.0,0.0
428000,3.67,2.6,2.0,1.02,5.0,2.0
429000,3.67,2.0,2.5,1.79,5.0,0.0
430000,3.66,0.0,0.0,0.0,0.0,0.0
431000,3.65,0.0,0.0,0.0,0.0,0.0
432000,3.65,2.2,2.0,1.17,5.0,0.0
433000,3.64,1.7,1.0,1.9,5.0,0.0
434000,3.65,2.5,2.5,1.57,5.0,0.0
435000,3.65,2.2,2.0,1.47,5.0,0.0
436000,3.65,0.0,0.0,0.0,0.0,0.0
437000,3.66,1.0,0.0,1.34,4.0,0.0
438000,3.65,0.2,0.0,0.6,2.0,0.0
439000,3.65,0.7,0.0,1.1,3.0,0.0
440000,3.65,0.0,0.0,0.0,0.0,0.0
441000,3.65,2.2,1.0,2.6,6.0,0.0
442000,3.63,0.0,0.0,0.0,0.0,0.0
443000,3.65,2.5,2.0,0.67,4.0,2.0
444000,3.65,2.3,1.5,2.41,6.0,0.0
445000,3.65,2.2,2.0,0.4,3.0,2.0
446000,3.64,2.1,2.0,0.83,3.0,0.0
447000,3.65,1.6,2.0,0.8,2.0,0.0
448000,3.65,1.1,0.0,1.37,3.0,0.0
449000,3.65,2.4,2.0,0.66,4.0,2.0
450000,3.65,0.5,0.0,0.81,2.0,0.0
451000,3.64,2.5,2.0,0.92,5.0,2.0
452000,3.64,1.7,1.0,2.0,6.0,0.0
453000,3.63,0.0,0.0,0.0,0.0,0.0
454000,3.64,2.3,2.0,1.1,4.0,0.0
455000,3.63,2.2,2.0,0.4,3.0,2.0
456000,3.64,1.9,2.0,1.37,4.0,0.0
457000,3.63,2.3,2.0,0.64,4.0,2.0
458000,3.63,0.2,0.0,0.6,2.0,0.0
459000,3.64,1.0,0.0,1.26,3.0,0.0
460000,3.62,2.3,2.0,1.19,5.0,0.0
461000,3.63,0.0,0.0,0.0,0.0,0.0
462000,3.63,0.0,0.0,0.0,0.0,0.0
463000,3.63,0.2,0.0,0.6,2.0,0.0
464000,3.63,2.2,2.0,0.98,4.0,0.0
465000,3.63,0.0,0.0,0.0,0.0,0.0
466000,3.62,0.0,0.0,0.0,0.0,0.0
467000,3.63,2.1,2.0,0.3,3.0,2.0
468000,3.63,2.4,3.0,2.11,5.0,0.0
469000,3.63,0.2,0.0,0.6,2.0,0.0
470000,3.63,1.1,1.0,1.14,3.0,0.0
471000,3.62,1.9,2.0,1.76,5.0,0.0
472000,3.61,1.5,1.0,1.75,5.0,0.0
473000,3.62,2.2,2.0,0.4,3.0,2.0
474000,3.62,1.2,2.0,0.98,2.0,0.0
475000,3.63,0.0,0.0,0.0,0.0,0.0
476000,3.63,0.0,0.0,0.0,0.0,0.0
477000,3.62,2.4,2.5,1.85,5.0,0.0
478000,3.62,1.1,1.0,1.14,3.0,0.0
479000,3.62,0.0,0.0,0.0,0.0,0.0
480000,3.61,1.6,2.0,1.11,3.0,0.0
481000,3.62,1.5,0.0,1.96,5.0,0.0
482000,3.61,2.3,2.0,0.64,4.0,2.0
483000,3.61,0.0,0.0,0.0,0.0,0.0
484000,3.61,2.5,2.5,1.57,5.0,0.0
485000,3.62,0.0,0.0,0.0,0.0,0.0
486000,3.62,2.1,2.0,0.83,3.0,0.0
487000,3.62,2.0,2.0,1.61,5.0,0.0
488000,3.61,1.5,1.0,1.86,6.0,0.0
489000,3.6,0.0,0.0,0.0,0.0,0.0
490000,3.59,1.2,1.0,1.25,3.0,0.0
491000,3.59,0.0,0.0,0.0,0.0,0.0
492000,3.49,2.0,2.0,0.77,3.0,0.0
493000,3.61,0.0,0.0,0.0,0.0,0.0
494000,3.59,0.2,0.0,0.6,2.0,0.0
495000,3.6,2.1,2.0,1.64,5.0,0.0
496000,3.59,2.3,2.0,1.0,4.0,0.0
497000,3.59,2.3,2.0,1.49,5.0,0.0
498000,3.6,0.0,0.0,0.0,0.0,0.0
499000,3.61,0.0,0.0,0.0,0.0,0.0
500000,3.61,2.2,2.0,0.6,4.0,2.0
501000,3.6,0.0,0.0,0.0,0.0,0.0
502000,3.59,2.4,2.5,1.02,4.0,0.0
503000,3.59,0.0,0.0,0.0,0.0,0.0
504000,3.59,2.3,2.0,0.64,4.0,2.0
505000,3.6,0.2,0.0,0.6,2.0,0.0
506000,3.61,0.0,0.0,0.0,0.0,0.0
507000,3.59,1.8,2.0,1.33,4.0,0.0
508000,3.59,1.8,1.0,2.04,5.0,0.0
509000,3.59,0.0,0.0,0.0,0.0,0.0
510000,3.61,1.7,2.0,1.42,5.0,0.0
511000,3.59,2.1,2.0,0.3,3.0,2.0
512000,3.58,0.6,0.0,0.92,2.0,0.0
513000,3.58,2.8,2.5,1.6,6.0,0.0
514000,3.58,2.4,2.0,0.66,4.0,2.0
515000,3.58,0.8,0.0,1.33,4.0,0.0
516000,3.59,0.0,0.0,0.0,0.0,0.0
517000,3.58,0.3,0.0,0.64,2.0,0.0
518000,3.59,0.0,0.0,0.0,0.0,0.0
519000,3.59,0.0,0.0,0.0,0.0,0.0
520000,3.59,1.8,2.0,1.08,4.0,0.0
521000,3.58,0.0,0.0,0.0,0.0,0.0
522000,3.58,0.4,0.0,0.8,2.0,0.0
523000,3.59,0.0,0.0,0.0,0.0,0.0
524000,3.56,0.0,0.0,0.0,0.0,0.0
525000,3.58,1.8,2.0,0.6,2.0,0.0
526000,3.58,0.0,0.0,0.0,0.0,0.0
527000,3.58,0.0,0.0,0.0,0.0,0.0
528000,3.58,1.9,2.0,1.51,5.0,0.0
529000,3.58,0.0,0.0,0.0,0.0,0.0
530000,3.56,2.2,2.0,0.4,3.0,2.0
531000,3.58,2.5,2.5,0.5,3.0,2.0
532000,3.57,1.6,2.0,1.11,3.0,0.0
533000,3.56,0.0,0.0,0.0,0.0,0.0
534000,3.58,1.8,2.0,0.98,3.0,0.0
535000,3.57,1.7,0.0,2.24,5.0,0.0
536000,3.57,2.0,2.0,0.0,2.0,2.0
537000,3.55,0.0,0.0,0.0,0.0,0.0
538000,3.57,0.0,0.0,0.0,0.0,0.0
539000,3.58,2.4,2.0,0.92,5.0,2.0
540000,3.56,0.0,0.0,0.0,0.0,0.0
541000,3.56,0.0,0.0,0.0,0.0,0.0
542000,3.56,2.5,2.5,1.12,4.0,0.0
543000,3.57,0.0,0.0,0.0,0.0,0.0
544000,3.57,1.2,1.0,1.33,4.0,0.0
545000,3.56,2.0,2.0,1.18,4.0,0.0
546000,3.57,1.5,2.0,1.02,3.0,0.0
547000,3.56,0.0,0.0,0.0,0.0,0.0
548000,3.56,2.4,2.5,1.02,4.0,0.0
549000,3.57,2.0,2.5,1.41,4.0,0.0
550000,3.56,2.1,2.0,0.3,3.0,2.0
551000,3.56,1.8,2.0,1.66,4.0,0.0
552000,3.56,0.4,0.0,0.8,2.0,0.0
553000,3.44,0.0,0.0,0.0,0.0,0.0
554000,3.55,0.0,0.0,0.0,0.0,0.0
555000,3.57,0.0,0.0,0.0,0.0,0.0
556000,3.55,0.0,0.0,0.0,0.0,0.0
557000,3.54,0.0,0.0,0.0,0.0,0.0
558000,3.55,0.0,0.0,0.0,0.0,0.0
559000,3.55,0.0,0.0,0.0,0.0,0.0
560000,3.54,0.0,0.0,0.0,0.0,0.0
561000,3.55,0.0,0.0,0.0,0.0,0.0
562000,3.55,0.0,0.0,0.0,0.0,0.0
563000,3.54,0.0,0.0,0.0,0.0,0.0
564000,3.56,0.0,0.0,0.0,0.0,0.0
565000,3.54,1.9,2.0,1.14,4.0,0.0
566000,3.54,2.0,1.0,2.32,6.0,0.0
567000,3.55,1.1,0.0,1.92,6.0,0.0
568000,3.54,0.0,0.0,0.0,0.0,0.0
569000,3.54,1.9,1.0,2.17,5.0,0.0
570000,3.54,0.5,0.0,1.02,3.0,0.0
571000,3.54,2.0,2.0,1.1,3.0,0.0
572000,3.55,0.7,0.0,0.9,2.0,0.0
573000,3.54,0.0,0.0,0.0,0.0,0.0
574000,3.54,0.0,0.0,0.0,0.0,0.0
575000,3.53,2.2,2.0,0.4,3.0,2.0
576000,3.54,1.0,1.0,1.0,2.0,0.0
577000,3.55,0.0,0.0,0.0,0.0,0.0
578000,3.54,2.1,2.0,0.3,3.0,2.0
579000,3.54,0.0,0.0,0.0,0.0,0.0
580000,3.53,1.9,2.0,0.7,3.0,0.0
581000,3.52,0.0,0.0,0.0,0.0,0.0
582000,3.52,0.0,0.0,0.0,0.0,0.0
583000,3.54,1.4,2.0,0.92,2.0,0.0
584000,3.53,0.0,0.0,0.0,0.0,0.0
585000,3.54,2.3,2.0,0.46,3.0,2.0
586000,3.52,2.3,3.0,1.62,4.0,0.0
587000,3.53,1.2,0.0,1.99,5.0,0.0
588000,3.53,0.8,0.0,0.98,2.0,0.0
589000,3.52,0.0,0.0,0.0,0.0,0.0
590000,3.53,2.2,1.0,2.4,6.0,0.0
591000,3.52,0.0,0.0,0.0,0.0,0.0
592000,3.53,0.0,0.0,0.0,0.0,0.0
593000,3.53,2.1,2.5,1.51,4.0,0.0
594000,3.51,1.7,2.0,1.27,4.0,0.0
595000,3.51,1.8,2.0,0.98,3.0,0.0
596000,3.51,1.6,2.0,1.11,3.0,0.0
597000,3.52,2.4,3.0,0.92,3.0,0.0
598000,3.51,0.2,0.0,0.6,2.0,0.0
599000,3.42,1.9,2.0,0.3,2.0,1.0
600000,3.52,0.0,0.0,0.0,0.0,0.0
601000,3.5,0.0,0.0,0.0,0.0,0.0
602000,3.5,2.7,2.5,0.78,4.0,2.0
603000,3.49,0.0,0.0,0.0,0.0,0.0
604000,3.52,0.0,0.0,0.0,0.0,0.0
605000,3.51,0.0,0.0,0.0,0.0,0.0
606000,3.52,0.0,0.0,0.0,0.0,0.0
607000,3.49,2.3,2.0,0.46,3.0,2.0
608000,3.52,2.3,3.0,2.0,5.0,0.0
609000,3.5,0.0,0.0,0.0,0.0,0.0
610000,3.5,1.4,2.0,1.02,3.0,0.0
611000,3.52,0.0,0.0,0.0,0.0,0.0
612000,3.5,2.2,2.0,0.4,3.0,2.0
613000,3.51,0.0,0.0,0.0,0.0,0.0
614000,3.5,0.0,0.0,0.0,0.0,0.0
615000,3.5,1.2,2.0,0.98,2.0,0.0
616000,3.51,0.0,0.0,0.0,0.0,0.0
617000,3.5,0.0,0.0,0.0,0.0,0.0
618000,3.51,2.4,2.5,1.85,5.0,0.0
619000,3.5,0.0,0.0,0.0,0.0,0.0
620000,3.51,0.0,0.0,0.0,0.0,0.0
621000,3.51,0.0,0.0,0.0,0.0,0.0
